"arc_length","Figure 17","Figure 18","Figure 19"
0,0.716886,0.140904,0.615433
0.0003,0.716875,0.140887,0.615422
0.0006,0.716863,0.14087,0.615412
0.0009,0.716852,0.140852,0.615402
0.0012,0.716841,0.140835,0.615391
0.0015,0.716829,0.140818,0.615381
0.0018,0.716818,0.140801,0.615371
0.0021,0.716806,0.140783,0.61536
0.0024,0.716795,0.140766,0.61535
0.0027,0.716784,0.140749,0.615339
0.003,0.716772,0.140732,0.615329
0.0033,0.716761,0.140715,0.615319
0.0036,0.71675,0.140697,0.615308
0.0039,0.716738,0.14068,0.615298
0.0042,0.716727,0.140663,0.615288
0.0045,0.716715,0.140646,0.615277
0.0048,0.716704,0.140628,0.615267
0.0051,0.716685,0.1406,0.61525
0.0054,0.716651,0.140549,0.615219
0.0057,0.716616,0.140498,0.615187
0.006,0.716582,0.140447,0.615156
0.0063,0.716547,0.140397,0.615125
0.0066,0.716513,0.140346,0.615094
0.0069,0.716478,0.140295,0.615063
0.0072,0.716444,0.140244,0.615032
0.0075,0.716409,0.140193,0.615
0.0078,0.716375,0.140142,0.614969
0.0081,0.71634,0.140092,0.614938
0.0084,0.716306,0.140041,0.614907
0.0087,0.716271,0.13999,0.614876
0.009,0.716237,0.139939,0.614844
0.0093,0.716202,0.139888,0.614813
0.0096,0.716168,0.139837,0.614782
0.0099,0.716133,0.139786,0.614751
0.0102,0.716083,0.139715,0.614706
0.0105,0.716025,0.139632,0.614653
0.0108,0.715966,0.13955,0.614601
0.0111,0.715908,0.139468,0.614549
0.0114,0.71585,0.139386,0.614496
0.0117,0.715791,0.139304,0.614444
0.012,0.715733,0.139221,0.614392
0.0123,0.715674,0.139139,0.614339
0.0126,0.715616,0.139057,0.614287
0.0129,0.715558,0.138975,0.614235
0.0132,0.715499,0.138892,0.614182
0.0135,0.715441,0.13881,0.61413
0.0138,0.715383,0.138728,0.614078
0.0141,0.715324,0.138646,0.614025
0.0144,0.715266,0.138563,0.613973
0.0147,0.715207,0.138481,0.613921
0.015,0.715149,0.138399,0.613868
0.0153,0.715066,0.138289,0.613795
0.0156,0.714983,0.138178,0.613721
0.0159,0.714899,0.138068,0.613648
0.0162,0.714816,0.137958,0.613574
0.0165,0.714733,0.137848,0.613501
0.0168,0.71465,0.137737,0.613427
0.0171,0.714567,0.137627,0.613354
0.0174,0.714484,0.137517,0.61328
0.0177,0.7144,0.137407,0.613207
0.018,0.714317,0.137296,0.613133
0.0183,0.714234,0.137186,0.61306
0.0186,0.714151,0.137076,0.612986
0.0189,0.714068,0.136966,0.612912
0.0192,0.713985,0.136855,0.612839
0.0195,0.713901,0.136745,0.612765
0.0198,0.713818,0.136635,0.612692
0.0201,0.713726,0.136517,0.612611
0.0204,0.713618,0.136382,0.612517
0.0207,0.713509,0.136248,0.612422
0.021,0.7134,0.136114,0.612327
0.0213,0.713291,0.13598,0.612233
0.0216,0.713182,0.135845,0.612138
0.0219,0.713073,0.135711,0.612043
0.0222,0.712964,0.135577,0.611949
0.0225,0.712856,0.135442,0.611854
0.0228,0.712747,0.135308,0.61176
0.0231,0.712638,0.135174,0.611665
0.0234,0.712529,0.135039,0.61157
0.0237,0.71242,0.134905,0.611476
0.024,0.712311,0.134771,0.611381
0.0243,0.712202,0.134637,0.611287
0.0246,0.712094,0.134502,0.611192
0.0249,0.711985,0.134368,0.611097
0.0252,0.711858,0.13422,0.610989
0.0255,0.711723,0.134066,0.610874
0.0258,0.711587,0.133912,0.610758
0.0261,0.711451,0.133758,0.610643
0.0264,0.711316,0.133603,0.610528
0.0267,0.71118,0.133449,0.610412
0.027,0.711045,0.133295,0.610297
0.0273,0.710909,0.133141,0.610182
0.0276,0.710774,0.132986,0.610066
0.0279,0.710638,0.132832,0.609951
0.0282,0.710503,0.132678,0.609836
0.0285,0.710367,0.132524,0.60972
0.0288,0.710231,0.132369,0.609605
0.0291,0.710096,0.132215,0.60949
0.0294,0.70996,0.132061,0.609374
0.0297,0.709825,0.131907,0.609259
0.03,0.709689,0.131752,0.609143
0.0303,0.709526,0.131582,0.609008
0.0306,0.709363,0.131411,0.608872
0.0309,0.709199,0.131241,0.608737
0.0312,0.709036,0.131071,0.608601
0.0315,0.708873,0.1309,0.608466
0.0318,0.708709,0.13073,0.60833
0.0321,0.708546,0.13056,0.608195
0.0324,0.708383,0.130389,0.608059
0.0327,0.708219,0.130219,0.607923
0.033,0.708056,0.130048,0.607788
0.0333,0.707893,0.129878,0.607652
0.0336,0.707729,0.129708,0.607517
0.0339,0.707566,0.129537,0.607381
0.0342,0.707403,0.129367,0.607246
0.0345,0.707239,0.129196,0.60711
0.0348,0.707076,0.129026,0.606974
0.0351,0.706903,0.128851,0.606832
0.0354,0.706711,0.128668,0.606677
0.0357,0.706518,0.128485,0.606522
0.036,0.706326,0.128302,0.606367
0.0363,0.706134,0.128119,0.606212
0.0366,0.705942,0.127936,0.606057
0.0369,0.705749,0.127753,0.605902
0.0372,0.705557,0.12757,0.605747
0.0375,0.705365,0.127387,0.605591
0.0378,0.705173,0.127204,0.605436
0.0381,0.70498,0.12702,0.605281
0.0384,0.704788,0.126837,0.605126
0.0387,0.704596,0.126654,0.604971
0.039,0.704404,0.126471,0.604816
0.0393,0.704211,0.126288,0.604661
0.0396,0.704019,0.126105,0.604506
0.0399,0.703827,0.125922,0.60435
0.0402,0.703614,0.125732,0.604183
0.0405,0.703392,0.125539,0.604009
0.0408,0.70317,0.125346,0.603835
0.0411,0.702947,0.125154,0.603662
0.0414,0.702725,0.124961,0.603488
0.0417,0.702502,0.124768,0.603314
0.042,0.70228,0.124575,0.60314
0.0423,0.702057,0.124382,0.602966
0.0426,0.701835,0.124189,0.602793
0.0429,0.701612,0.123996,0.602619
0.0432,0.70139,0.123804,0.602445
0.0435,0.701168,0.123611,0.602271
0.0438,0.700945,0.123418,0.602097
0.0441,0.700723,0.123225,0.601924
0.0444,0.7005,0.123032,0.60175
0.0447,0.700278,0.122839,0.601576
0.045,0.700055,0.122647,0.601402
0.0453,0.699801,0.122446,0.601211
0.0456,0.699547,0.122246,0.601019
0.0459,0.699293,0.122046,0.600828
0.0462,0.699039,0.121846,0.600636
0.0465,0.698785,0.121645,0.600445
0.0468,0.698531,0.121445,0.600253
0.0471,0.698277,0.121245,0.600062
0.0474,0.698023,0.121045,0.59987
0.0477,0.697769,0.120845,0.599679
0.048,0.697515,0.120644,0.599487
0.0483,0.697261,0.120444,0.599296
0.0486,0.697007,0.120244,0.599104
0.0489,0.696753,0.120044,0.598912
0.0492,0.696499,0.119843,0.598721
0.0495,0.696245,0.119643,0.598529
0.0498,0.695991,0.119443,0.598338
0.0501,0.695726,0.119241,0.598141
0.0504,0.695439,0.119035,0.597933
0.0507,0.695152,0.11883,0.597725
0.051,0.694865,0.118624,0.597516
0.0513,0.694578,0.118418,0.597308
0.0516,0.694291,0.118213,0.5971
0.0519,0.694004,0.118007,0.596892
0.0522,0.693717,0.117802,0.596684
0.0525,0.69343,0.117596,0.596476
0.0528,0.693143,0.11739,0.596267
0.0531,0.692856,0.117185,0.596059
0.0534,0.692569,0.116979,0.595851
0.0537,0.692282,0.116774,0.595643
0.054,0.691995,0.116568,0.595435
0.0543,0.691708,0.116362,0.595227
0.0546,0.691421,0.116157,0.595019
0.0549,0.691134,0.115951,0.59481
0.0552,0.690824,0.115743,0.594592
0.0555,0.690503,0.115533,0.594368
0.0558,0.690182,0.115324,0.594145
0.0561,0.68986,0.115115,0.593921
0.0564,0.689539,0.114905,0.593697
0.0567,0.689218,0.114696,0.593474
0.057,0.688896,0.114486,0.59325
0.0573,0.688575,0.114277,0.593026
0.0576,0.688253,0.114068,0.592803
0.0579,0.687932,0.113858,0.592579
0.0582,0.687611,0.113649,0.592356
0.0585,0.687289,0.113439,0.592132
0.0588,0.686968,0.11323,0.591908
0.0591,0.686646,0.11302,0.591685
0.0594,0.686325,0.112811,0.591461
0.0597,0.686004,0.112602,0.591237
0.06,0.685682,0.112392,0.591014
0.0603,0.685325,0.11218,0.590776
0.0606,0.684968,0.111968,0.590538
0.0609,0.684611,0.111756,0.5903
0.0612,0.684253,0.111544,0.590062
0.0615,0.683896,0.111332,0.589824
0.0618,0.683539,0.111121,0.589586
0.0621,0.683182,0.110909,0.589348
0.0624,0.682824,0.110697,0.58911
0.0627,0.682467,0.110485,0.588872
0.063,0.68211,0.110273,0.588634
0.0633,0.681753,0.110061,0.588396
0.0636,0.681395,0.109849,0.588158
0.0639,0.681038,0.109637,0.58792
0.0642,0.680681,0.109425,0.587682
0.0645,0.680324,0.109213,0.587444
0.0648,0.679966,0.109001,0.587206
0.0651,0.679597,0.108789,0.586964
0.0654,0.679202,0.108575,0.586713
0.0657,0.678808,0.108362,0.586462
0.066,0.678414,0.108149,0.586211
0.0663,0.678019,0.107935,0.58596
0.0666,0.677625,0.107722,0.585709
0.0669,0.677231,0.107508,0.585458
0.0672,0.676836,0.107295,0.585207
0.0675,0.676442,0.107082,0.584956
0.0678,0.676047,0.106868,0.584705
0.0681,0.675653,0.106655,0.584454
0.0684,0.675259,0.106442,0.584202
0.0687,0.674864,0.106228,0.583951
0.069,0.67447,0.106015,0.5837
0.0693,0.674075,0.105802,0.583449
0.0696,0.673681,0.105588,0.583198
0.0699,0.673287,0.105375,0.582947
0.0702,0.672867,0.105161,0.582688
0.0705,0.672434,0.104947,0.582425
0.0708,0.672002,0.104734,0.582162
0.0711,0.671569,0.10452,0.581899
0.0714,0.671137,0.104306,0.581637
0.0717,0.670704,0.104092,0.581374
0.072,0.670272,0.103878,0.581111
0.0723,0.669839,0.103665,0.580848
0.0726,0.669406,0.103451,0.580585
0.0729,0.668974,0.103237,0.580322
0.0732,0.668541,0.103023,0.580059
0.0735,0.668109,0.10281,0.579796
0.0738,0.667676,0.102596,0.579533
0.0741,0.667244,0.102382,0.57927
0.0744,0.666811,0.102168,0.579007
0.0747,0.666379,0.101954,0.578744
0.075,0.665946,0.101741,0.578481
0.0753,0.665475,0.101527,0.578208
0.0756,0.665003,0.101314,0.577934
0.0759,0.664532,0.101101,0.577661
0.0762,0.664061,0.100887,0.577387
0.0765,0.663589,0.100674,0.577113
0.0768,0.663118,0.100461,0.57684
0.0771,0.662646,0.100247,0.576566
0.0774,0.662175,0.100034,0.576292
0.0777,0.661704,0.0998205,0.576019
0.078,0.661232,0.0996072,0.575745
0.0783,0.660761,0.0993938,0.575472
0.0786,0.66029,0.0991805,0.575198
0.0789,0.659818,0.0989672,0.574924
0.0792,0.659347,0.0987538,0.574651
0.0795,0.658876,0.0985405,0.574377
0.0798,0.658404,0.0983272,0.574103
0.0801,0.65792,0.0981143,0.573827
0.0804,0.65741,0.0979022,0.573543
0.0807,0.6569,0.0976902,0.57326
0.081,0.656389,0.0974782,0.572977
0.0813,0.655879,0.0972662,0.572694
0.0816,0.655369,0.0970542,0.572411
0.0819,0.654859,0.0968422,0.572127
0.0822,0.654349,0.0966302,0.571844
0.0825,0.653838,0.0964182,0.571561
0.0828,0.653328,0.0962062,0.571278
0.0831,0.652818,0.0959942,0.570994
0.0834,0.652308,0.0957822,0.570711
0.0837,0.651798,0.0955702,0.570428
0.084,0.651288,0.0953582,0.570145
0.0843,0.650777,0.0951462,0.569862
0.0846,0.650267,0.0949342,0.569578
0.0849,0.649757,0.0947221,0.569295
0.0852,0.649221,0.0945117,0.569006
0.0855,0.648673,0.0943019,0.568715
0.0858,0.648125,0.0940922,0.568423
0.0861,0.647577,0.0938825,0.568131
0.0864,0.647029,0.0936728,0.567839
0.0867,0.64648,0.0934631,0.567548
0.087,0.645932,0.0932533,0.567256
0.0873,0.645384,0.0930436,0.566964
0.0876,0.644836,0.0928339,0.566673
0.0879,0.644287,0.0926242,0.566381
0.0882,0.643739,0.0924145,0.566089
0.0885,0.643191,0.0922047,0.565798
0.0888,0.642643,0.091995,0.565506
0.0891,0.642094,0.0917853,0.565214
0.0894,0.641546,0.0915756,0.564922
0.0897,0.640998,0.0913658,0.564631
0.09,0.64045,0.0911561,0.564339
0.0903,0.639865,0.0909497,0.56404
0.0906,0.63928,0.0907433,0.563741
0.0909,0.638696,0.0905368,0.563441
0.0912,0.638111,0.0903304,0.563142
0.0915,0.637527,0.090124,0.562843
0.0918,0.636942,0.0899175,0.562544
0.0921,0.636357,0.0897111,0.562245
0.0924,0.635773,0.0895046,0.561946
0.0927,0.635188,0.0892982,0.561646
0.093,0.634604,0.0890918,0.561347
0.0933,0.634019,0.0888853,0.561048
0.0936,0.633434,0.0886789,0.560749
0.0939,0.63285,0.0884725,0.56045
0.0942,0.632265,0.088266,0.560151
0.0945,0.63168,0.0880596,0.559851
0.0948,0.631096,0.0878532,0.559552
0.0951,0.6305,0.0876482,0.559251
0.0954,0.629881,0.0874461,0.558945
0.0957,0.629263,0.087244,0.558639
0.096,0.628645,0.087042,0.558334
0.0963,0.628026,0.0868399,0.558028
0.0966,0.627408,0.0866378,0.557722
0.0969,0.626789,0.0864357,0.557416
0.0972,0.626171,0.0862336,0.557111
0.0975,0.625553,0.0860316,0.556805
0.0978,0.624934,0.0858295,0.556499
0.0981,0.624316,0.0856274,0.556193
0.0984,0.623697,0.0854253,0.555888
0.0987,0.623079,0.0852233,0.555582
0.099,0.622461,0.0850212,0.555276
0.0993,0.621842,0.0848191,0.55497
0.0996,0.621224,0.084617,0.554665
0.0999,0.620605,0.0844149,0.554359
0.1002,0.619967,0.0842165,0.554049
0.1005,0.619318,0.0840199,0.553738
0.1008,0.618669,0.0838233,0.553427
0.1011,0.618021,0.0836267,0.553115
0.1014,0.617372,0.0834301,0.552804
0.1017,0.616723,0.0832335,0.552492
0.102,0.616074,0.0830368,0.552181
0.1023,0.615426,0.0828402,0.551869
0.1026,0.614777,0.0826436,0.551558
0.1029,0.614128,0.082447,0.551246
0.1032,0.61348,0.0822504,0.550935
0.1035,0.612831,0.0820538,0.550624
0.1038,0.612182,0.0818572,0.550312
0.1041,0.611533,0.0816606,0.550001
0.1044,0.610885,0.081464,0.549689
0.1047,0.610236,0.0812674,0.549378
0.105,0.609587,0.0810707,0.549066
0.1053,0.608912,0.0808807,0.54875
0.1056,0.608237,0.0806907,0.548434
0.1059,0.607562,0.0805006,0.548118
0.1062,0.606887,0.0803106,0.547801
0.1065,0.606212,0.0801206,0.547485
0.1068,0.605537,0.0799305,0.547169
0.1071,0.604862,0.0797405,0.546852
0.1074,0.604187,0.0795504,0.546536
0.1077,0.603512,0.0793604,0.54622
0.108,0.602837,0.0791704,0.545904
0.1083,0.602162,0.0789803,0.545587
0.1086,0.601487,0.0787903,0.545271
0.1089,0.600812,0.0786003,0.544955
0.1092,0.600137,0.0784102,0.544638
0.1095,0.599462,0.0782202,0.544322
0.1098,0.598787,0.0780301,0.544006
0.1101,0.598104,0.0778426,0.543688
0.1104,0.597407,0.0776602,0.543368
0.1107,0.59671,0.0774777,0.543047
0.111,0.596013,0.0772953,0.542727
0.1113,0.595315,0.0771128,0.542406
0.1116,0.594618,0.0769304,0.542086
0.1119,0.593921,0.0767479,0.541765
0.1122,0.593224,0.0765655,0.541445
0.1125,0.592527,0.076383,0.541124
0.1128,0.59183,0.0762006,0.540804
0.1131,0.591132,0.0760181,0.540484
0.1134,0.590435,0.0758357,0.540163
0.1137,0.589738,0.0756532,0.539843
0.114,0.589041,0.0754707,0.539522
0.1143,0.588344,0.0752883,0.539202
0.1146,0.587647,0.0751058,0.538881
0.1149,0.586949,0.0749234,0.538561
0.1152,0.58624,0.0747466,0.538238
0.1155,0.585525,0.0745725,0.537914
0.1158,0.58481,0.0743985,0.53759
0.1161,0.584095,0.0742245,0.537266
0.1164,0.583379,0.0740504,0.536942
0.1167,0.582664,0.0738764,0.536618
0.117,0.581949,0.0737024,0.536294
0.1173,0.581234,0.0735284,0.53597
0.1176,0.580519,0.0733543,0.535646
0.1179,0.579804,0.0731803,0.535322
0.1182,0.579088,0.0730063,0.534998
0.1185,0.578373,0.0728322,0.534675
0.1188,0.577658,0.0726582,0.534351
0.1191,0.576943,0.0724842,0.534027
0.1194,0.576228,0.0723102,0.533703
0.1197,0.575512,0.0721361,0.533379
0.12,0.574797,0.0719621,0.533055
0.1203,0.574068,0.0717971,0.532728
0.1206,0.573338,0.0716321,0.532401
0.1209,0.572609,0.0714671,0.532074
0.1212,0.57188,0.0713021,0.531747
0.1215,0.57115,0.071137,0.531421
0.1218,0.570421,0.070972,0.531094
0.1221,0.569691,0.070807,0.530767
0.1224,0.568962,0.070642,0.53044
0.1227,0.568232,0.070477,0.530113
0.123,0.567503,0.070312,0.529786
0.1233,0.566773,0.070147,0.52946
0.1236,0.566044,0.069982,0.529133
0.1239,0.565315,0.069817,0.528806
0.1242,0.564585,0.069652,0.528479
0.1245,0.563856,0.0694869,0.528152
0.1248,0.563126,0.0693219,0.527825
0.1251,0.562393,0.06916,0.527498
0.1254,0.561653,0.0690044,0.527169
0.1257,0.560913,0.0688487,0.526839
0.126,0.560172,0.068693,0.52651
0.1263,0.559432,0.0685374,0.526181
0.1266,0.558692,0.0683817,0.525852
0.1269,0.557951,0.068226,0.525523
0.1272,0.557211,0.0680704,0.525194
0.1275,0.55647,0.0679147,0.524864
0.1278,0.55573,0.067759,0.524535
0.1281,0.55499,0.0676034,0.524206
0.1284,0.554249,0.0674477,0.523877
0.1287,0.553509,0.067292,0.523548
0.129,0.552769,0.0671364,0.523219
0.1293,0.552028,0.0669807,0.522889
0.1296,0.551288,0.066825,0.52256
0.1299,0.550548,0.0666694,0.522231
0.1302,0.549802,0.06652,0.521901
0.1305,0.549054,0.0663737,0.52157
0.1308,0.548305,0.0662275,0.521239
0.1311,0.547557,0.0660812,0.520908
0.1314,0.546808,0.065935,0.520577
0.1317,0.54606,0.0657887,0.520246
0.132,0.545312,0.0656425,0.519915
0.1323,0.544563,0.0654962,0.519584
0.1326,0.543815,0.06535,0.519253
0.1329,0.543066,0.0652038,0.518922
0.1332,0.542318,0.0650575,0.518591
0.1335,0.54157,0.0649113,0.51826
0.1338,0.540821,0.064765,0.517929
0.1341,0.540073,0.0646188,0.517598
0.1344,0.539324,0.0644725,0.517267
0.1347,0.538576,0.0643263,0.516936
0.135,0.537827,0.06418,0.516605
0.1353,0.537073,0.0640431,0.516273
0.1356,0.536319,0.0639061,0.51594
0.1359,0.535565,0.0637691,0.515608
0.1362,0.534811,0.0636322,0.515276
0.1365,0.534057,0.0634952,0.514944
0.1368,0.533303,0.0633582,0.514611
0.1371,0.532549,0.0632213,0.514279
0.1374,0.531795,0.0630843,0.513947
0.1377,0.531041,0.0629473,0.513614
0.138,0.530287,0.0628104,0.513282
0.1383,0.529533,0.0626734,0.51295
0.1386,0.528779,0.0625364,0.512617
0.1389,0.528025,0.0623995,0.512285
0.1392,0.527271,0.0622625,0.511953
0.1395,0.526517,0.0621255,0.511621
0.1398,0.525763,0.0619886,0.511288
0.1401,0.525007,0.0618546,0.510956
0.1404,0.52425,0.0617266,0.510623
0.1407,0.523492,0.0615987,0.510289
0.141,0.522735,0.0614707,0.509956
0.1413,0.521977,0.0613427,0.509623
0.1416,0.521219,0.0612147,0.50929
0.1419,0.520462,0.0610867,0.508957
0.1422,0.519704,0.0609588,0.508623
0.1425,0.518947,0.0608308,0.50829
0.1428,0.518189,0.0607028,0.507957
0.1431,0.517431,0.0605748,0.507624
0.1434,0.516674,0.0604469,0.507291
0.1437,0.515916,0.0603189,0.506958
0.144,0.515159,0.0601909,0.506624
0.1443,0.514401,0.0600629,0.506291
0.1446,0.513643,0.0599349,0.505958
0.1449,0.512886,0.059807,0.505625
0.1452,0.512127,0.0596847,0.505291
0.1455,0.511368,0.0595653,0.504958
0.1458,0.510608,0.0594459,0.504624
0.1461,0.509849,0.0593265,0.50429
0.1464,0.50909,0.0592071,0.503957
0.1467,0.50833,0.0590877,0.503623
0.147,0.507571,0.0589683,0.50329
0.1473,0.506812,0.0588489,0.502956
0.1476,0.506052,0.0587295,0.502622
0.1479,0.505293,0.0586101,0.502289
0.1482,0.504534,0.0584907,0.501955
0.1485,0.503774,0.0583713,0.501622
0.1488,0.503015,0.0582519,0.501288
0.1491,0.502256,0.0581325,0.500954
0.1494,0.501496,0.0580131,0.500621
0.1497,0.500737,0.0578937,0.500287
0.15,0.499978,0.0577743,0.499954
0.1503,0.499218,0.057663,0.49962
0.1506,0.498459,0.0575518,0.499286
0.1509,0.4977,0.0574405,0.498953
0.1512,0.49694,0.0573292,0.498619
0.1515,0.496181,0.0572179,0.498285
0.1518,0.495422,0.0571066,0.497952
0.1521,0.494662,0.0569953,0.497618
0.1524,0.493903,0.0568841,0.497285
0.1527,0.493144,0.0567728,0.496951
0.153,0.492384,0.0566615,0.496617
0.1533,0.491625,0.0565502,0.496284
0.1536,0.490866,0.0564389,0.49595
0.1539,0.490106,0.0563277,0.495616
0.1542,0.489347,0.0562164,0.495283
0.1545,0.488588,0.0561051,0.494949
0.1548,0.487828,0.0559938,0.494616
0.1551,0.48707,0.0558851,0.494282
0.1554,0.486312,0.0557814,0.493949
0.1557,0.485554,0.0556778,0.493616
0.156,0.484797,0.0555741,0.493283
0.1563,0.484039,0.0554704,0.49295
0.1566,0.483282,0.0553668,0.492616
0.1569,0.482524,0.0552631,0.492283
0.1572,0.481766,0.0551595,0.49195
0.1575,0.481009,0.0550558,0.491617
0.1578,0.480251,0.0549522,0.491284
0.1581,0.479493,0.0548485,0.490951
0.1584,0.478736,0.0547449,0.490617
0.1587,0.477978,0.0546412,0.490284
0.159,0.477221,0.0545375,0.489951
0.1593,0.476463,0.0544339,0.489618
0.1596,0.475705,0.0543302,0.489285
0.1599,0.474948,0.0542266,0.488952
0.1602,0.474193,0.0541277,0.488619
0.1605,0.473438,0.0540312,0.488287
0.1608,0.472684,0.0539346,0.487954
0.1611,0.47193,0.0538381,0.487622
0.1614,0.471176,0.0537416,0.48729
0.1617,0.470422,0.0536451,0.486957
0.162,0.469668,0.0535485,0.486625
0.1623,0.468914,0.053452,0.486293
0.1626,0.46816,0.0533555,0.485961
0.1629,0.467406,0.053259,0.485628
0.1632,0.466652,0.0531625,0.485296
0.1635,0.465898,0.0530659,0.484964
0.1638,0.465144,0.0529694,0.484631
0.1641,0.46439,0.0528729,0.484299
0.1644,0.463636,0.0527764,0.483967
0.1647,0.462882,0.0526798,0.483635
0.165,0.462128,0.0525833,0.483302
0.1653,0.461379,0.0524935,0.482971
0.1656,0.460631,0.0524036,0.48264
0.1659,0.459883,0.0523137,0.482309
0.1662,0.459134,0.0522239,0.481978
0.1665,0.458386,0.052134,0.481647
0.1668,0.457637,0.0520442,0.481316
0.1671,0.456889,0.0519543,0.480985
0.1674,0.45614,0.0518644,0.480654
0.1677,0.455392,0.0517746,0.480323
0.168,0.454644,0.0516847,0.479992
0.1683,0.453895,0.0515949,0.479662
0.1686,0.453147,0.051505,0.479331
0.1689,0.452398,0.0514151,0.479
0.1692,0.45165,0.0513253,0.478669
0.1695,0.450902,0.0512354,0.478338
0.1698,0.450153,0.0511456,0.478007
0.1701,0.449407,0.0510578,0.477676
0.1704,0.448667,0.0509741,0.477347
0.1707,0.447927,0.0508905,0.477018
0.171,0.447186,0.0508068,0.476689
0.1713,0.446446,0.0507232,0.47636
0.1716,0.445706,0.0506395,0.47603
0.1719,0.444965,0.0505559,0.475701
0.1722,0.444225,0.0504722,0.475372
0.1725,0.443485,0.0503886,0.475043
0.1728,0.442744,0.0503049,0.474714
0.1731,0.442004,0.0502213,0.474385
0.1734,0.441264,0.0501376,0.474056
0.1737,0.440523,0.050054,0.473726
0.174,0.439783,0.0499703,0.473397
0.1743,0.439043,0.0498867,0.473068
0.1746,0.438302,0.0498031,0.472739
0.1749,0.437562,0.0497194,0.47241
0.1752,0.436829,0.0496396,0.472082
0.1755,0.4361,0.0495618,0.471755
0.1758,0.43537,0.0494839,0.471428
0.1761,0.434641,0.0494061,0.471102
0.1764,0.433911,0.0493282,0.470775
0.1767,0.433182,0.0492504,0.470448
0.177,0.432452,0.0491725,0.470121
0.1773,0.431723,0.0490947,0.469794
0.1776,0.430994,0.0490168,0.469468
0.1779,0.430264,0.048939,0.469141
0.1782,0.429535,0.0488611,0.468814
0.1785,0.428805,0.0487833,0.468487
0.1788,0.428076,0.0487054,0.46816
0.1791,0.427347,0.0486276,0.467833
0.1794,0.426617,0.0485497,0.467507
0.1797,0.425888,0.0484718,0.46718
0.18,0.425158,0.048394,0.466853
0.1803,0.424443,0.0483216,0.466529
0.1806,0.423728,0.0482491,0.466205
0.1809,0.423013,0.0481767,0.465881
0.1812,0.422298,0.0481042,0.465557
0.1815,0.421582,0.0480318,0.465233
0.1818,0.420867,0.0479594,0.464909
0.1821,0.420152,0.0478869,0.464585
0.1824,0.419437,0.0478145,0.464261
0.1827,0.418722,0.0477421,0.463938
0.183,0.418007,0.0476696,0.463614
0.1833,0.417291,0.0475972,0.46329
0.1836,0.416576,0.0475247,0.462966
0.1839,0.415861,0.0474523,0.462642
0.1842,0.415146,0.0473799,0.462318
0.1845,0.414431,0.0473074,0.461994
0.1848,0.413716,0.047235,0.46167
0.1851,0.413006,0.0471642,0.461347
0.1854,0.412309,0.0470969,0.461027
0.1857,0.411612,0.0470295,0.460706
0.186,0.410915,0.0469621,0.460386
0.1863,0.410218,0.0468948,0.460065
0.1866,0.409521,0.0468274,0.459745
0.1869,0.408823,0.04676,0.459424
0.1872,0.408126,0.0466926,0.459104
0.1875,0.407429,0.0466253,0.458783
0.1878,0.406732,0.0465579,0.458463
0.1881,0.406035,0.0464905,0.458143
0.1884,0.405338,0.0464231,0.457822
0.1887,0.40464,0.0463558,0.457502
0.189,0.403943,0.0462884,0.457181
0.1893,0.403246,0.046221,0.456861
0.1896,0.402549,0.0461537,0.45654
0.1899,0.401852,0.0460863,0.45622
0.1902,0.401169,0.0460221,0.455902
0.1905,0.400494,0.0459594,0.455586
0.1908,0.399819,0.0458968,0.45527
0.1911,0.399144,0.0458342,0.454953
0.1914,0.398469,0.0457716,0.454637
0.1917,0.397794,0.0457089,0.454321
0.192,0.397119,0.0456463,0.454004
0.1923,0.396444,0.0455837,0.453688
0.1926,0.395769,0.0455211,0.453372
0.1929,0.395094,0.0454584,0.453056
0.1932,0.394419,0.0453958,0.452739
0.1935,0.393744,0.0453332,0.452423
0.1938,0.393069,0.0452706,0.452107
0.1941,0.392394,0.0452079,0.45179
0.1944,0.391719,0.0451453,0.451474
0.1947,0.391044,0.0450827,0.451158
0.195,0.390369,0.0450201,0.450841
0.1953,0.38972,0.0449619,0.45053
0.1956,0.389071,0.0449037,0.450219
0.1959,0.388423,0.0448456,0.449907
0.1962,0.387774,0.0447874,0.449596
0.1965,0.387125,0.0447293,0.449284
0.1968,0.386477,0.0446711,0.448973
0.1971,0.385828,0.0446129,0.448662
0.1974,0.385179,0.0445548,0.44835
0.1977,0.38453,0.0444966,0.448039
0.198,0.383882,0.0444384,0.447727
0.1983,0.383233,0.0443803,0.447416
0.1986,0.382584,0.0443221,0.447105
0.1989,0.381936,0.044264,0.446793
0.1992,0.381287,0.0442058,0.446482
0.1995,0.380638,0.0441476,0.44617
0.1998,0.379989,0.0440895,0.445859
0.2001,0.379351,0.0440327,0.44555
0.2004,0.378733,0.0439788,0.445244
0.2007,0.378114,0.0439248,0.444938
0.201,0.377496,0.0438708,0.444632
0.2013,0.376877,0.0438169,0.444327
0.2016,0.376259,0.0437629,0.444021
0.2019,0.375641,0.043709,0.443715
0.2022,0.375022,0.043655,0.44341
0.2025,0.374404,0.0436011,0.443104
0.2028,0.373785,0.0435471,0.442798
0.2031,0.373167,0.0434931,0.442492
0.2034,0.372549,0.0434392,0.442187
0.2037,0.37193,0.0433852,0.441881
0.204,0.371312,0.0433313,0.441575
0.2043,0.370694,0.0432773,0.44127
0.2046,0.370075,0.0432234,0.440964
0.2049,0.369457,0.0431694,0.440658
0.2052,0.368861,0.0431181,0.440357
0.2055,0.368276,0.0430681,0.440058
0.2058,0.367692,0.0430181,0.439758
0.2061,0.367107,0.0429681,0.439459
0.2064,0.366523,0.0429182,0.43916
0.2067,0.365938,0.0428682,0.438861
0.207,0.365353,0.0428182,0.438562
0.2073,0.364769,0.0427682,0.438263
0.2076,0.364184,0.0427182,0.437963
0.2079,0.3636,0.0426682,0.437664
0.2082,0.363015,0.0426183,0.437365
0.2085,0.36243,0.0425683,0.437066
0.2088,0.361846,0.0425183,0.436767
0.2091,0.361261,0.0424683,0.436468
0.2094,0.360676,0.0424183,0.436168
0.2097,0.360092,0.0423683,0.435869
0.21,0.359507,0.0423183,0.43557
0.2103,0.358959,0.0422721,0.435278
0.2106,0.358411,0.0422259,0.434987
0.2109,0.357862,0.0421797,0.434695
0.2112,0.357314,0.0421335,0.434403
0.2115,0.356766,0.0420872,0.434111
0.2118,0.356218,0.042041,0.43382
0.2121,0.355669,0.0419948,0.433528
0.2124,0.355121,0.0419486,0.433236
0.2127,0.354573,0.0419024,0.432945
0.213,0.354025,0.0418561,0.432653
0.2133,0.353476,0.0418099,0.432361
0.2136,0.352928,0.0417637,0.43207
0.2139,0.35238,0.0417175,0.431778
0.2142,0.351832,0.0416713,0.431486
0.2145,0.351283,0.041625,0.431194
0.2148,0.350735,0.0415788,0.430903
0.2151,0.3502,0.0415338,0.430614
0.2154,0.34969,0.0414911,0.430331
0.2157,0.349179,0.0414485,0.430047
0.216,0.348669,0.0414058,0.429764
0.2163,0.348159,0.0413632,0.429481
0.2166,0.347649,0.0413205,0.429198
0.2169,0.347139,0.0412779,0.428915
0.2172,0.346628,0.0412352,0.428631
0.2175,0.346118,0.0411926,0.428348
0.2178,0.345608,0.04115,0.428065
0.2181,0.345098,0.0411073,0.427782
0.2184,0.344588,0.0410647,0.427499
0.2187,0.344078,0.041022,0.427215
0.219,0.343567,0.0409794,0.426932
0.2193,0.343057,0.0409367,0.426649
0.2196,0.342547,0.0408941,0.426366
0.2199,0.342037,0.0408514,0.426083
0.2202,0.341553,0.040811,0.425806
0.2205,0.341081,0.0407718,0.425532
0.2208,0.34061,0.0407326,0.425259
0.2211,0.340139,0.0406933,0.424985
0.2214,0.339667,0.0406541,0.424711
0.2217,0.339196,0.0406148,0.424438
0.222,0.338725,0.0405756,0.424164
0.2223,0.338253,0.0405363,0.423891
0.2226,0.337782,0.0404971,0.423617
0.2229,0.337311,0.0404579,0.423343
0.2232,0.336839,0.0404186,0.42307
0.2235,0.336368,0.0403794,0.422796
0.2238,0.335897,0.0403401,0.422523
0.2241,0.335425,0.0403009,0.422249
0.2244,0.334954,0.0402617,0.421975
0.2247,0.334483,0.0402224,0.421702
0.225,0.334011,0.0401832,0.421428
0.2253,0.333579,0.0401472,0.421165
0.2256,0.333146,0.0401112,0.420902
0.2259,0.332714,0.0400752,0.42064
0.2262,0.332281,0.0400392,0.420377
0.2265,0.331848,0.0400032,0.420114
0.2268,0.331416,0.0399672,0.419851
0.2271,0.330983,0.0399313,0.419588
0.2274,0.330551,0.0398953,0.419325
0.2277,0.330118,0.0398593,0.419062
0.228,0.329686,0.0398233,0.418799
0.2283,0.329253,0.0397873,0.418536
0.2286,0.328821,0.0397513,0.418273
0.2289,0.328388,0.0397153,0.41801
0.2292,0.327955,0.0396793,0.417748
0.2295,0.327523,0.0396434,0.417485
0.2298,0.32709,0.0396074,0.417222
0.2301,0.326671,0.0395724,0.416963
0.2304,0.326276,0.0395395,0.416712
0.2307,0.325882,0.0395067,0.416461
0.231,0.325487,0.0394738,0.41621
0.2313,0.325093,0.0394409,0.415959
0.2316,0.324699,0.039408,0.415708
0.2319,0.324304,0.0393752,0.415457
0.2322,0.32391,0.0393423,0.415206
0.2325,0.323515,0.0393094,0.414954
0.2328,0.323121,0.0392765,0.414703
0.2331,0.322727,0.0392437,0.414452
0.2334,0.322332,0.0392108,0.414201
0.2337,0.321938,0.0391779,0.41395
0.234,0.321543,0.039145,0.413699
0.2343,0.321149,0.0391122,0.413448
0.2346,0.320755,0.0390793,0.413197
0.2349,0.32036,0.0390464,0.412946
0.2352,0.319991,0.0390155,0.412704
0.2355,0.319633,0.0389856,0.412466
0.2358,0.319276,0.0389558,0.412228
0.2361,0.318919,0.0389259,0.41199
0.2364,0.318562,0.038896,0.411752
0.2367,0.318204,0.0388661,0.411514
0.237,0.317847,0.0388362,0.411276
0.2373,0.31749,0.0388063,0.411038
0.2376,0.317133,0.0387764,0.4108
0.2379,0.316776,0.0387466,0.410563
0.2382,0.316418,0.0387167,0.410325
0.2385,0.316061,0.0386868,0.410087
0.2388,0.315704,0.0386569,0.409849
0.2391,0.315347,0.038627,0.409611
0.2394,0.314989,0.0385971,0.409373
0.2397,0.314632,0.0385673,0.409135
0.24,0.314275,0.0385374,0.408897
0.2403,0.313954,0.0385104,0.408673
0.2406,0.313632,0.0384834,0.40845
0.2409,0.313311,0.0384563,0.408226
0.2412,0.312989,0.0384293,0.408002
0.2415,0.312668,0.0384023,0.407779
0.2418,0.312347,0.0383753,0.407555
0.2421,0.312025,0.0383483,0.407332
0.2424,0.311704,0.0383213,0.407108
0.2427,0.311383,0.0382943,0.406884
0.243,0.311061,0.0382673,0.406661
0.2433,0.31074,0.0382403,0.406437
0.2436,0.310418,0.0382133,0.406213
0.2439,0.310097,0.0381863,0.40599
0.2442,0.309776,0.0381593,0.405766
0.2445,0.309454,0.0381322,0.405542
0.2448,0.309133,0.0381052,0.405319
0.2451,0.308823,0.0380791,0.4051
0.2454,0.308536,0.0380549,0.404892
0.2457,0.308249,0.0380307,0.404684
0.246,0.307962,0.0380064,0.404476
0.2463,0.307675,0.0379822,0.404268
0.2466,0.307388,0.037958,0.40406
0.2469,0.307101,0.0379337,0.403852
0.2472,0.306814,0.0379095,0.403643
0.2475,0.306527,0.0378852,0.403435
0.2478,0.30624,0.037861,0.403227
0.2481,0.305953,0.0378368,0.403019
0.2484,0.305666,0.0378125,0.402811
0.2487,0.305379,0.0377883,0.402603
0.249,0.305092,0.0377641,0.402395
0.2493,0.304805,0.0377398,0.402186
0.2496,0.304518,0.0377156,0.401978
0.2499,0.304231,0.0376914,0.40177
0.2502,0.303966,0.0376689,0.401573
0.2505,0.303712,0.0376473,0.401382
0.2508,0.303458,0.0376258,0.40119
0.2511,0.303204,0.0376042,0.400999
0.2514,0.30295,0.0375827,0.400807
0.2517,0.302696,0.0375611,0.400616
0.252,0.302442,0.0375396,0.400424
0.2523,0.302188,0.037518,0.400233
0.2526,0.301934,0.0374964,0.400041
0.2529,0.30168,0.0374749,0.39985
0.2532,0.301426,0.0374533,0.399658
0.2535,0.301172,0.0374318,0.399467
0.2538,0.300918,0.0374102,0.399275
0.2541,0.300664,0.0373886,0.399084
0.2544,0.30041,0.0373671,0.398892
0.2547,0.300156,0.0373455,0.398701
0.255,0.299902,0.037324,0.398509
0.2553,0.29968,0.037305,0.398335
0.2556,0.299457,0.037286,0.398162
0.2559,0.299235,0.0372671,0.397988
0.2562,0.299012,0.0372481,0.397814
0.2565,0.29879,0.0372291,0.39764
0.2568,0.298568,0.0372102,0.397467
0.2571,0.298345,0.0371912,0.397293
0.2574,0.298123,0.0371722,0.397119
0.2577,0.2979,0.0371533,0.396945
0.258,0.297678,0.0371343,0.396771
0.2583,0.297455,0.0371153,0.396598
0.2586,0.297233,0.0370964,0.396424
0.2589,0.29701,0.0370774,0.39625
0.2592,0.296788,0.0370584,0.396076
0.2595,0.296566,0.0370395,0.395902
0.2598,0.296343,0.0370205,0.395729
0.2601,0.296131,0.0370024,0.395561
0.2604,0.295938,0.0369859,0.395406
0.2607,0.295746,0.0369694,0.395251
0.261,0.295554,0.036953,0.395096
0.2613,0.295362,0.0369365,0.394941
0.2616,0.295169,0.0369201,0.394786
0.2619,0.294977,0.0369036,0.394631
0.2622,0.294785,0.0368871,0.394475
0.2625,0.294593,0.0368707,0.39432
0.2628,0.2944,0.0368542,0.394165
0.2631,0.294208,0.0368378,0.39401
0.2634,0.294016,0.0368213,0.393855
0.2637,0.293824,0.0368049,0.3937
0.264,0.293631,0.0367884,0.393545
0.2643,0.293439,0.0367719,0.39339
0.2646,0.293247,0.0367555,0.393235
0.2649,0.293055,0.036739,0.39308
0.2652,0.292882,0.0367242,0.392938
0.2655,0.292718,0.0367101,0.392802
0.2658,0.292555,0.0366961,0.392667
0.2661,0.292392,0.0366821,0.392531
0.2664,0.292228,0.0366681,0.392395
0.2667,0.292065,0.036654,0.39226
0.267,0.291902,0.03664,0.392124
0.2673,0.291738,0.036626,0.391989
0.2676,0.291575,0.036612,0.391853
0.2679,0.291412,0.0365979,0.391718
0.2682,0.291248,0.0365839,0.391582
0.2685,0.291085,0.0365699,0.391447
0.2688,0.290922,0.0365559,0.391311
0.2691,0.290758,0.0365418,0.391175
0.2694,0.290595,0.0365278,0.39104
0.2697,0.290432,0.0365138,0.390904
0.27,0.290269,0.0364997,0.390769
0.2703,0.290133,0.0364881,0.390653
0.2706,0.289997,0.0364764,0.390538
0.2709,0.289862,0.0364648,0.390423
0.2712,0.289726,0.0364531,0.390307
0.2715,0.289591,0.0364414,0.390192
0.2718,0.289455,0.0364298,0.390077
0.2721,0.28932,0.0364181,0.389961
0.2724,0.289184,0.0364064,0.389846
0.2727,0.289049,0.0363948,0.389731
0.273,0.288913,0.0363831,0.389615
0.2733,0.288777,0.0363714,0.3895
0.2736,0.288642,0.0363598,0.389385
0.2739,0.288506,0.0363481,0.389269
0.2742,0.288371,0.0363364,0.389154
0.2745,0.288235,0.0363248,0.389039
0.2748,0.2881,0.0363131,0.388923
0.2751,0.287973,0.0363022,0.388815
0.2754,0.287864,0.0362928,0.38872
0.2757,0.287755,0.0362834,0.388626
0.276,0.287646,0.0362741,0.388531
0.2763,0.287538,0.0362647,0.388436
0.2766,0.287429,0.0362553,0.388342
0.2769,0.28732,0.0362459,0.388247
0.2772,0.287211,0.0362366,0.388152
0.2775,0.287102,0.0362272,0.388058
0.2778,0.286993,0.0362178,0.387963
0.2781,0.286884,0.0362084,0.387869
0.2784,0.286776,0.0361991,0.387774
0.2787,0.286667,0.0361897,0.387679
0.279,0.286558,0.0361803,0.387585
0.2793,0.286449,0.0361709,0.38749
0.2796,0.28634,0.0361616,0.387396
0.2799,0.286231,0.0361522,0.387301
0.2802,0.28614,0.0361443,0.38722
0.2805,0.286056,0.0361371,0.387147
0.2808,0.285973,0.03613,0.387073
0.2811,0.28589,0.0361228,0.387
0.2814,0.285807,0.0361157,0.386926
0.2817,0.285724,0.0361085,0.386853
0.282,0.285641,0.0361014,0.386779
0.2823,0.285557,0.0360942,0.386706
0.2826,0.285474,0.036087,0.386632
0.2829,0.285391,0.0360799,0.386559
0.2832,0.285308,0.0360727,0.386485
0.2835,0.285225,0.0360656,0.386412
0.2838,0.285141,0.0360584,0.386338
0.2841,0.285058,0.0360512,0.386265
0.2844,0.284975,0.0360441,0.386191
0.2847,0.284892,0.0360369,0.386118
0.285,0.284809,0.0360298,0.386044
0.2853,0.28475,0.0360248,0.385992
0.2856,0.284692,0.0360197,0.385939
0.2859,0.284634,0.0360147,0.385887
0.2862,0.284575,0.0360097,0.385835
0.2865,0.284517,0.0360047,0.385782
0.2868,0.284458,0.0359997,0.38573
0.2871,0.2844,0.0359947,0.385678
0.2874,0.284342,0.0359896,0.385625
0.2877,0.284283,0.0359846,0.385573
0.288,0.284225,0.0359796,0.385521
0.2883,0.284166,0.0359746,0.385468
0.2886,0.284108,0.0359696,0.385416
0.2889,0.28405,0.0359646,0.385364
0.2892,0.283991,0.0359595,0.385312
0.2895,0.283933,0.0359545,0.385259
0.2898,0.283874,0.0359495,0.385207
0.2901,0.283824,0.0359452,0.385162
0.2904,0.28379,0.0359422,0.38513
0.2907,0.283755,0.0359393,0.385099
0.291,0.283721,0.0359363,0.385068
0.2913,0.283686,0.0359334,0.385037
0.2916,0.283652,0.0359304,0.385006
0.2919,0.283617,0.0359275,0.384975
0.2922,0.283583,0.0359245,0.384943
0.2925,0.283548,0.0359216,0.384912
0.2928,0.283514,0.0359186,0.384881
0.2931,0.283479,0.0359157,0.38485
0.2934,0.283445,0.0359127,0.384819
0.2937,0.283411,0.0359098,0.384787
0.294,0.283376,0.0359068,0.384756
0.2943,0.283342,0.0359039,0.384725
0.2946,0.283307,0.0359009,0.384694
0.2949,0.283273,0.035898,0.384663
0.2952,0.283254,0.0358964,0.384645
0.2955,0.283242,0.0358954,0.384635
0.2958,0.283231,0.0358944,0.384625
0.2961,0.28322,0.0358934,0.384614
0.2964,0.283208,0.0358925,0.384604
0.2967,0.283197,0.0358915,0.384594
0.297,0.283186,0.0358905,0.384583
0.2973,0.283174,0.0358896,0.384573
0.2976,0.283163,0.0358886,0.384563
0.2979,0.283151,0.0358876,0.384552
0.2982,0.28314,0.0358867,0.384542
0.2985,0.283129,0.0358857,0.384532
0.2988,0.283117,0.0358847,0.384521
0.2991,0.283106,0.0358838,0.384511
0.2994,0.283095,0.0358828,0.384501
0.2997,0.283083,0.0358818,0.38449
0.3,0.283072,0.0358808,0.38448
